{"cameraMode":{"drawMode":0,"name":"Shaded","section":"Shading Mode"},"sceneLighting":true,"audioPlay":false,"sceneViewState":{"m_AlwaysRefresh":false,"showFog":true,"showSkybox":true,"showFlares":true,"showImageEffects":true,"showParticleSystems":true,"showVisualEffectGraphs":true,"m_FxEnabled":true},"in2DMode":false,"pivot":{"x":0.9965688586235046,"y":3.507326126098633,"z":-0.09536850452423096},"rotation":{"x":0.024879630655050279,"y":0.9751214981079102,"z":-0.15337440371513368,"w":0.1581641137599945},"size":4.927568435668945,"orthographic":false}